{"whether3d_True": {"class_num_8": {"box_num_10": {"des_num_5": [[156.82414471464656, 149.6991562376797, 139.29274216442184, 320.3929343653465, 174.5979116164292, 138.3011725430846, 162.66306545283464, 183.5762508889448, 146.46399656130973, 181.5971108681461], [293.1559287731141, 151.6991562376797, 174.29274216442184, 388.3143997485577, 316.5854278960072, 149.3011725430846, 293.4732850097437, 375.41488505602723, 298.95579837725586, 183.5971108681461], [180.96444158011775, 149.6991562376797, 171.29274216442184, 329.62262919077546, 195.5979116164292, 138.3011725430846, 188.66306545283464, 322.0584148992398, 176.46399656130973, 183.5971108681461], [180.96444158011775, 149.6991562376797, 171.29274216442184, 331.62262919077546, 206.5979116164292, 138.3011725430846, 188.66306545283464, 352.5021739744234, 180.46399656130973, 183.5971108681461], [286.645737454821, 173.6991562376797, 294.22018375581047, 454.61205805361175, 309.5613211145873, 268.19173824363907, 291.2627069352373, 344.66942358278544, 321.03380975040056, 292.89548636896217], [180.96444158011775, 149.6991562376797, 171.29274216442184, 334.62262919077546, 283.85932193989896, 138.3011725430846, 167.66306545283464, 318.6377151520221, 176.46399656130973, 183.5971108681461], [286.645737454821, 286.50414793654505, 287.9404600806804, 369.0633136187555, 309.9174135251292, 276.99067602256724, 168.66306545283464, 323.0584148992398, 324.672011260885, 323.82590865152326]], "des_num_10": [[180.34326311367857, 179.38906610187436, 189.8419666070647, 170.28580546468788, 175.74266662582954, 167.9429059804894, 192.67044609842546, 149.39181689936476, 157.65928388375053, 165.4981867101943], [306.56440345682813, 210.5649138947949, 315.40900051892083, 197.49397576916323, 319.812084225416, 314.66073067064366, 204.67044609842546, 321.68903345159924, 282.9254868618733, 313.6633249686972], [185.91093186117004, 204.23071316094638, 191.8419666070647, 194.84887515742903, 303.54843997706496, 294.00800311133145, 192.67044609842546, 299.1511740695903, 179.85834970947988, 285.9742336989069], [297.88446439745354, 200.38906610187436, 191.8419666070647, 174.84887515742903, 301.99623541952514, 193.9429059804894, 192.67044609842546, 301.28652857268224, 179.85834970947988, 283.03910535635396], [370.4944118946386, 407.7618812241665, 415.15179751904725, 330.8421333755082, 399.6227985245166, 416.0199483721948, 415.4142029479259, 306.1511740695903, 257.4555195792291, 311.03910535635396], [185.91093186117004, 200.38906610187436, 191.79159827597397, 194.84887515742903, 300.99623541952514, 193.9429059804894, 205.23081628868132, 299.1511740695903, 265.76350905196193, 283.03910535635396], [267.210090822906, 286.41002252630005, 300.2325360216973, 323.41529645904745, 287.9229027955613, 310.84231347511127, 338.64788782151163, 192.39181689936476, 285.76350905196193, 286.6633249686972]]}}}}